"resource.type","CELEX","search.term"
"DIR","32013L0030","barcelona convention*?"
"DIR","32008L0056","habitats directive*?"
"DIR","32000L0060","habitats directive*?"
"DIR","31992L0043","habitats directive*?"
"DIR","31992L0043","sites of community importance*?"
"DIR","32008L0056","special areas of conservation*?"
"DIR","32013L0030","special areas of conservation*?"
"DIR","31992L0043","special areas of conservation*?"
"DIR","32010L0060","special areas of conservation*?"
"DIR","32013L0017","special areas of conservation*?"
"DIR","32006L0105","special areas of conservation*?"
"DIR","31997L0062","special areas of conservation*?"
"DIR","32009L0147","birds directive*?"
"DIR","32008L0056","birds directive*?"
"DIR","32000L0060","birds directive*?"
"DIR","32008L0099","special protection area*?"
"DIR","32008L0056","special protection area*?"
"DIR","32011L0092","special protection area*?"
"DIR","32009L0147","special protection area*?"
"DIR","32013L0030","special protection area*?"
"DIR","31990L0656","special protection area*?"
"DIR","31992L0043","special protection area*?"
"DIR","31979L0409","special protection area*?"
"DIR","31997L0011","special protection area*?"
"DIR","32009L0031","ospar*?"
"DIR","32002L0045","ospar*?"
"DIR","32008L0056","marine protected area*?"
"DIR","32013L0030","marine protected area*?"
"REG","32013R1253","world heritage site*?"
"REG","32011R0102","world heritage site*?"
"REG","32006R2038","barcelona convention*?"
"REG","32015R2102","barcelona convention*?"
"REG","32013R0100","barcelona convention*?"
"REG","32006R1967","barcelona convention*?"
"REG","32004R0724","barcelona convention*?"
"REG","32006R1967R(01)","barcelona convention*?"
"REG","32019R1010","habitats directive*?"
"REG","32010R1089","habitats directive*?"
"REG","31997R0338","habitats directive*?"
"REG","32016R0246","habitats directive*?"
"REG","32013R1253","habitats directive*?"
"REG","32010R0709","habitats directive*?"
"REG","32009R0407","habitats directive*?"
"REG","32008R0318","habitats directive*?"
"REG","32005R1332","habitats directive*?"
"REG","32003R1497","habitats directive*?"
"REG","32000R2724","habitats directive*?"
"REG","31997R2307","habitats directive*?"
"REG","32007R0614","sites of community importance*?"
"REG","32013R1380","special areas of conservation*?"
"REG","32011R0142","special areas of conservation*?"
"REG","32013R0750","special areas of conservation*?"
"REG","32004R0602","special areas of conservation*?"
"REG","32003R1475","special areas of conservation*?"
"REG","31997R0338","birds directive*?"
"REG","32010R0709","birds directive*?"
"REG","32009R0407","birds directive*?"
"REG","32008R0318","birds directive*?"
"REG","32005R1332","birds directive*?"
"REG","32003R1497","birds directive*?"
"REG","32000R2724","birds directive*?"
"REG","31997R2307","birds directive*?"
"REG","32016R0246","birds directive*?"
"REG","32013R1253","birds directive*?"
"REG","32011R0102","birds directive*?"
"REG","32019R1010","special protection area*?"
"REG","32013R1380","special protection area*?"
"REG","32007R0614","special protection area*?"
"REG","31990R2684","special protection area*?"
"REG","32011R0142","special protection area*?"
"REG","32011R0102","special protection area*?"
"REG","32004R2229","helcom*?"
"REG","32016R0266","ospar*?"
"REG","32013R0100","ospar*?"
"REG","32005R1568","ospar*?"
"REG","32004R1811","ospar*?"
"REG","32004R0602","ospar*?"
"REG","32004R0724","ospar*?"
"REG","32003R1475","ospar*?"
"REG","32021R1139","marine protected area*?"
"REG","32014R0508","marine protected area*?"
"REG","32013R1380","marine protected area*?"
"REG","32019R0124","marine protected area*?"
"REG","32022R0109","marine protected area*?"
"REG","32021R0092","marine protected area*?"
"REG","32020R0123","marine protected area*?"
"REG","32018R0120","marine protected area*?"
"REG","32006R1967","specially protected area*?"
"REG","32015R2102","specially protected area*?"
"REG","32006R1967R(01)","specially protected area*?"
"DEC","32022D0013","barcelona convention*?"
"DEC","32022D0014","barcelona convention*?"
"DEC","32022D0010","barcelona convention*?"
"DEC","32022D0012","barcelona convention*?"
"DEC","32022D0011","barcelona convention*?"
"DEC","32022D0009","barcelona convention*?"
"DEC","32004D0575","barcelona convention*?"
"DEC","31999D0800","barcelona convention*?"
"DEC","31999D0802","barcelona convention*?"
"DEC","31999D0801","barcelona convention*?"
"DEC","32013D0005","barcelona convention*?"
"DEC","32019D0868","barcelona convention*?"
"DEC","32012D0510","barcelona convention*?"
"DEC","32010D0631","barcelona convention*?"
"DEC","32015D0778","barcelona convention*?"
"DEC","32009D0089","barcelona convention*?"
"DEC","31981D0420","barcelona convention*?"
"DEC","32013D1386","habitats directive*?"
"DEC","32021D0615(01)","habitats directive*?"
"DEC","32009D1001","sites of community importance*?"
"DEC","32008D0335","sites of community importance*?"
"DEC","32002D0089","sites of community importance*?"
"DEC","32002D0085","sites of community importance*?"
"DEC","32021D0615(01)","sites of community importance*?"
"DEC","32018D0813","special areas of conservation*?"
"DEC","32022D1244","special areas of conservation*?"
"DEC","32021D0615(01)","special areas of conservation*?"
"DEC","32021D0476","special areas of conservation*?"
"DEC","32015D2099","special areas of conservation*?"
"DEC","32009D1001","special areas of conservation*?"
"DEC","32008D0335","special areas of conservation*?"
"DEC","32013D1386","birds directive*?"
"DEC","32021D0615(01)","birds directive*?"
"DEC","32002D1600","birds directive*?"
"DEC","32021D0615(01)","special protection area*?"
"DEC","32022D1244","special protection area*?"
"DEC","32015D2099","special protection area*?"
"DEC","32021D0476","special protection area*?"
"DEC","32002D0089","special protection area*?"
"DEC","31998D2179","helcom*?"
"DEC","32019D1727","helcom*?"
"DEC","32019D0868","helcom*?"
"DEC","32021M10314","helcom*?"
"DEC","32010D0862","helcom*?"
"DEC","32021D1796","ospar*?"
"DEC","32019D1727","ospar*?"
"DEC","32019D0865","ospar*?"
"DEC","32019D0864","ospar*?"
"DEC","32019D0868","ospar*?"
"DEC","32018D1702","ospar*?"
"DEC","32000D0340","ospar*?"
"DEC","32013D1386","marine protected area*?"
"DEC","32021D1796","marine protected area*?"
"DEC","32019D0867","marine protected area*?"
"DEC","31984D0132","marine protected area*?"
"DEC","32012D0091","marine protected area*?"
"DEC","32010D0814","marine protected area*?"
"DEC","31999D0800","specially protected area*?"
"DEC","31984D0132","specially protected area*?"
"DEC","32012D0510","specially protected area*?"
"DEC","32013D0005","specially protected area*?"
"DEC","32009D0089","specially protected area*?"
"DEC","31999D0801","specially protected area*?"
"DEC","31999D0802","specially protected area*?"
"RECO","32011H0921(01)","habitats directive*?"
"RECO","32020H1307","habitats directive*?"
"RECO","52020IP0152","marine protected area*?"
"OPIN","52013AE0534","ramsar site*?"
"OPIN","52017AE3128","barcelona convention*?"
"OPIN","52013AR3766","barcelona convention*?"
"OPIN","52013AE3357","barcelona convention*?"
"OPIN","52008AR0416","barcelona convention*?"
"OPIN","51999AC0450","barcelona convention*?"
"OPIN","51993AC0599","barcelona convention*?"
"OPIN","51990AC1064","barcelona convention*?"
"OPIN","51986AC0964","barcelona convention*?"
"OPIN","51985AC0311","barcelona convention*?"
"OPIN","51984AC0665","barcelona convention*?"
"OPIN","51983AC0437","barcelona convention*?"
"OPIN","51981AC0770","barcelona convention*?"
"OPIN","51981AC0414","barcelona convention*?"
"OPIN","51990AC1210","habitats directive*?"
"OPIN","31996A0015","habitats directive*?"
"OPIN","52020AE0896","habitats directive*?"
"OPIN","52011AE1600","habitats directive*?"
"OPIN","52009AE1202","habitats directive*?"
"OPIN","51998AR0267","habitats directive*?"
"OPIN","51990AC1211","habitats directive*?"
"OPIN","52018AE2960","habitats directive*?"
"OPIN","52017AE2820","habitats directive*?"
"OPIN","52016AR4126","habitats directive*?"
"OPIN","52013IR5292","habitats directive*?"
"OPIN","52013AR3766","habitats directive*?"
"OPIN","52013AE3176","habitats directive*?"
"OPIN","52012AR0628","habitats directive*?"
"OPIN","52012AR0020","habitats directive*?"
"OPIN","52012AR0086","habitats directive*?"
"OPIN","52011AR0006","habitats directive*?"
"OPIN","52010AR0038","habitats directive*?"
"OPIN","52009AE0880","habitats directive*?"
"OPIN","52009AR0022","habitats directive*?"
"OPIN","52008AE1197","habitats directive*?"
"OPIN","52008AE0488","habitats directive*?"
"OPIN","52007AR0118","habitats directive*?"
"OPIN","52006AR0258","habitats directive*?"
"OPIN","52007AE0205","habitats directive*?"
"OPIN","52006AR0159","habitats directive*?"
"OPIN","52006AE1355","habitats directive*?"
"OPIN","52005AE1252","habitats directive*?"
"OPIN","52005AE0136","habitats directive*?"
"OPIN","52002AR0190","habitats directive*?"
"OPIN","52002AE0868","habitats directive*?"
"OPIN","52001AR0183","habitats directive*?"
"OPIN","32000Y1110(01)","habitats directive*?"
"OPIN","52000AC0803","habitats directive*?"
"OPIN","51998AR0266","habitats directive*?"
"OPIN","51998AC0787","habitats directive*?"
"OPIN","51997DC2007","habitats directive*?"
"OPIN","51996AG0706(03)","habitats directive*?"
"OPIN","51990AC0513","habitats directive*?"
"OPIN","52012AR0086","sites of community importance*?"
"OPIN","52011AR0006","sites of community importance*?"
"OPIN","52000AC0803","sites of community importance*?"
"OPIN","32000Y1110(01)","special areas of conservation*?"
"OPIN","52003AR0024","special areas of conservation*?"
"OPIN","51997AR0172","special areas of conservation*?"
"OPIN","52011AR0086","special areas of conservation*?"
"OPIN","51996AG0706(03)","birds directive*?"
"OPIN","52020AE0896","birds directive*?"
"OPIN","52018AE2960","birds directive*?"
"OPIN","52018AE2245","birds directive*?"
"OPIN","52012AR1121","birds directive*?"
"OPIN","52011AE1600","birds directive*?"
"OPIN","52009AE1202","birds directive*?"
"OPIN","52009AR0022","birds directive*?"
"OPIN","52008AE0488","birds directive*?"
"OPIN","52008XC0220(04)","birds directive*?"
"OPIN","52007AE0205","birds directive*?"
"OPIN","52006AE0952","birds directive*?"
"OPIN","52005AE1252","birds directive*?"
"OPIN","52002AE0868","birds directive*?"
"OPIN","32000Y1110(01)","birds directive*?"
"OPIN","52000AC0803","birds directive*?"
"OPIN","51998AR0267","birds directive*?"
"OPIN","51990AC1210","birds directive*?"
"OPIN","51990AC1211","birds directive*?"
"OPIN","31996A0015","special protection area*?"
"OPIN","52020AE0896","special protection area*?"
"OPIN","52009AE1202","special protection area*?"
"OPIN","52009AR0022","special protection area*?"
"OPIN","51994AC0996","special protection area*?"
"OPIN","51990AC1210","special protection area*?"
"OPIN","52011AR0086","special protection area*?"
"OPIN","52008XC0220(04)","special protection area*?"
"OPIN","32000Y1110(01)","special protection area*?"
"OPIN","52012AE0150","helcom*?"
"OPIN","52010AE0637","helcom*?"
"OPIN","52010AE0099","helcom*?"
"OPIN","52009AR0255","helcom*?"
"OPIN","52008AR0022","helcom*?"
"OPIN","52006AR0258","helcom*?"
"OPIN","52003AE0578","helcom*?"
"OPIN","51998AR0362","helcom*?"
"OPIN","52020AE5152","ospar*?"
"OPIN","52013AE3357","ospar*?"
"OPIN","52010IR0099","ospar*?"
"OPIN","52007AE0759","ospar*?"
"OPIN","52007AE0204","ospar*?"
"OPIN","52004AE1424","ospar*?"
"OPIN","52003AE1598","ospar*?"
"OPIN","52001AR0036(02)","ospar*?"
"OPIN","52001AR0036(01)","ospar*?"
"OPIN","52003AE0578","ospar*?"
"OPIN","51996AC1069","ospar*?"
"OPIN","52012AR2203","marine protected area*?"
"OPIN","52017AE0265","marine protected area*?"
"OPIN","52012AE1594","marine protected area*?"
"OPIN","52009AR0073","marine protected area*?"
"OPIN","52017AR2951","marine protected area*?"
"OPIN","52010IR0099","marine protected area*?"
"OPIN","52016AE4426","marine protected area*?"
"OPIN","52009AE0875","marine protected area*?"
"OPIN","51985AC0311","specially protected area*?"
